TIMESTAMP_UTC,CANDIDATE_ID,CLIENT,JOB_ID,CREATED_BY,EVENTS_AT_SAME_TIMESTAMP,STAGES_WRITTEN,CANDIDATE_STAGE_NOW,PHANTOM_HIRED,REAL_HIRE_DATE
2026-08-21 10:16:19.008,1787307378100x677233846882140200,Parloa,1787138407054x335827605243035650,Filip Nogowski,5,Contacted | Interview 1 | Moved to ATS | Positive response | Recruiter Screen,Interview 1,no,
2026-08-21 12:35:05.043,1787315703970x366294419346817000,Parloa,1787138407054x335827605243035650,Filip Nogowski,5,Contacted | Interview 1 | Moved to ATS | Positive response | Recruiter Screen,Interview 1,no,
2026-08-21 12:35:51.775,1787315750767x171685694851776500,Parloa,1787138407054x335827605243035650,Filip Nogowski,5,Contacted | Interview 1 | Moved to ATS | Positive response | Recruiter Screen,Interview 1,no,
2026-08-21 12:37:27.678,1787315846690x933031915428511700,Parloa,1787138407054x335827605243035650,Filip Nogowski,5,Contacted | Interview 1 | Moved to ATS | Positive response | Recruiter Screen,Interview 1,no,
2026-08-21 12:40:40.951,1787316040076x569690005873885200,Parloa,1787138407054x335827605243035650,Filip Nogowski,5,Contacted | Interview 1 | Moved to ATS | Positive response | Recruiter Screen,Interview 2,no,
2026-08-21 12:48:18.302,1787316496996x218548220381626370,Parloa,1787138407054x335827605243035650,Filip Nogowski,5,Contacted | Interview 1 | Moved to ATS | Positive response | Recruiter Screen,Interview 1,no,
2026-08-21 12:50:34.404,1787316633418x365088260645978100,Parloa,1787138407054x335827605243035650,Filip Nogowski,5,Contacted | Interview 1 | Moved to ATS | Positive response | Recruiter Screen,Interview 1,no,
2026-08-21 12:53:03.529,1787316782292x808487496241643500,Parloa,1787138407054x335827605243035650,Filip Nogowski,5,Contacted | Interview 1 | Moved to ATS | Positive response | Recruiter Screen,Interview 1,no,
2026-08-21 12:53:59.909,1787316838947x600135686392643600,Parloa,1787138407054x335827605243035650,Filip Nogowski,6,Contacted | Interview 1 | Moved to ATS | Positive response | Recruiter Screen,Interview 1,no,
2026-08-21 12:55:35.355,1787316934422x293323467592826900,Parloa,1787138407054x335827605243035650,Filip Nogowski,5,Contacted | Interview 1 | Moved to ATS | Positive response | Recruiter Screen,Interview 1,no,
2026-08-24 14:16:03.560,1787580949840x953618086345680000,AVIV ,1786094117912x748763187480100900,Rodrigo Gomes,11,Hired | Interview 1 | Interview 2 | Interview 3 | Moved to ATS | Offer | Positive response | Recruiter Screen | Technical Interview ,Sequence,YES,
2026-08-24 14:17:13.073,1787581028612x780090377955201900,AVIV ,1786094117912x748763187480100900,Rodrigo Gomes,11,Hired | Interview 1 | Interview 2 | Interview 3 | Moved to ATS | Offer | Positive response | Recruiter Screen | Technical Interview ,Sequence,YES,
2026-08-24 14:21:07.153,1787581263015x323501887849934100,AVIV ,1786094117912x748763187480100900,Rodrigo Gomes,11,Hired | Interview 1 | Interview 2 | Interview 3 | Moved to ATS | Offer | Positive response | Recruiter Screen | Technical Interview ,Sequence,YES,
2026-08-24 14:22:56.560,1787581368976x377190459819936260,AVIV ,1786094117912x748763187480100900,Rodrigo Gomes,11,Hired | Interview 1 | Interview 2 | Interview 3 | Moved to ATS | Offer | Positive response | Recruiter Screen | Technical Interview ,Sequence,YES,
2026-08-24 14:28:55.829,1787581731593x529108486744779700,AVIV ,1786094117912x748763187480100900,Rodrigo Gomes,11,Hired | Interview 1 | Interview 2 | Interview 3 | Moved to ATS | Offer | Positive response | Recruiter Screen | Technical Interview ,Sequence,YES,
2026-08-24 14:30:28.580,1787581824550x502572725036851460,AVIV ,1786094117912x748763187480100900,Rodrigo Gomes,11,Hired | Interview 1 | Interview 2 | Interview 3 | Moved to ATS | Offer | Positive response | Recruiter Screen | Technical Interview ,Sequence,YES,
2026-08-24 14:35:18.389,1787582114008x265705916501217660,AVIV ,1786094117912x748763187480100900,Rodrigo Gomes,11,Hired | Interview 1 | Interview 2 | Interview 3 | Moved to ATS | Offer | Positive response | Recruiter Screen | Technical Interview ,Sequence,YES,
2026-08-24 14:36:50.510,1787582206172x660297367643838400,AVIV ,1786094117912x748763187480100900,Rodrigo Gomes,11,Hired | Interview 1 | Interview 2 | Interview 3 | Moved to ATS | Offer | Positive response | Recruiter Screen | Technical Interview ,Sequence,YES,
2026-08-24 14:42:06.872,1787582516578x648387953760663200,AVIV ,1786094117912x748763187480100900,Rodrigo Gomes,11,Hired | Interview 1 | Interview 2 | Interview 3 | Moved to ATS | Offer | Positive response | Recruiter Screen | Technical Interview ,Sequence,YES,
2026-08-24 14:47:49.639,1787582865361x611699757315570000,AVIV ,1786094117912x748763187480100900,Rodrigo Gomes,11,Hired | Interview 1 | Interview 2 | Interview 3 | Moved to ATS | Offer | Positive response | Recruiter Screen | Technical Interview ,Sequence,YES,
2026-08-24 14:49:33.509,1787582969346x913501348670369400,AVIV ,1786094117912x748763187480100900,Rodrigo Gomes,11,Hired | Interview 1 | Interview 2 | Interview 3 | Moved to ATS | Offer | Positive response | Recruiter Screen | Technical Interview ,Sequence,YES,
2026-08-24 14:57:24.808,1787583437984x324945387252986200,AVIV ,1786094117912x748763187480100900,Rodrigo Gomes,11,Hired | Interview 1 | Interview 2 | Interview 3 | Moved to ATS | Offer | Positive response | Recruiter Screen | Technical Interview ,Sequence,YES,
2026-08-24 14:59:42.706,1787583579306x274753278542942940,AVIV ,1786094117912x748763187480100900,Rodrigo Gomes,11,Hired | Interview 1 | Interview 2 | Interview 3 | Moved to ATS | Offer | Positive response | Recruiter Screen | Technical Interview ,Sequence,YES,
2026-08-24 15:01:10.928,1787583665477x680841257138197000,AVIV ,1786094117912x748763187480100900,Rodrigo Gomes,11,Hired | Interview 1 | Interview 2 | Interview 3 | Moved to ATS | Offer | Positive response | Recruiter Screen | Technical Interview ,Sequence,YES,
2026-08-24 15:02:19.054,1787583735483x431377008299672200,AVIV ,1786094117912x748763187480100900,Rodrigo Gomes,11,Hired | Interview 1 | Interview 2 | Interview 3 | Moved to ATS | Offer | Positive response | Recruiter Screen | Technical Interview ,Sequence,YES,
2026-08-24 15:04:58.346,1787583893557x275596076808880320,AVIV ,1786094117912x748763187480100900,Rodrigo Gomes,11,Hired | Interview 1 | Interview 2 | Interview 3 | Moved to ATS | Offer | Positive response | Recruiter Screen | Technical Interview ,Sequence,YES,
2026-08-24 15:12:19.333,1787584334350x527258296779677060,AVIV ,1786094117912x748763187480100900,Rodrigo Gomes,11,Hired | Interview 1 | Interview 2 | Interview 3 | Moved to ATS | Offer | Positive response | Recruiter Screen | Technical Interview ,Sequence,YES,
2026-08-24 15:18:17.174,1787584693383x563619861047675460,AVIV ,1786094117912x748763187480100900,Rodrigo Gomes,11,Hired | Interview 1 | Interview 2 | Interview 3 | Moved to ATS | Offer | Positive response | Recruiter Screen | Technical Interview ,Sequence,YES,
2026-08-24 15:19:41.303,1787584777112x448069909683182600,AVIV ,1786094117912x748763187480100900,Rodrigo Gomes,11,Hired | Interview 1 | Interview 2 | Interview 3 | Moved to ATS | Offer | Positive response | Recruiter Screen | Technical Interview ,Sequence,YES,
2026-08-24 15:20:37.826,1787584833715x670129620867320700,AVIV ,1786094117912x748763187480100900,Rodrigo Gomes,11,Hired | Interview 1 | Interview 2 | Interview 3 | Moved to ATS | Offer | Positive response | Recruiter Screen | Technical Interview ,Sequence,YES,
2026-08-24 15:21:24.323,1787584879968x336510195884143900,AVIV ,1786094117912x748763187480100900,Rodrigo Gomes,11,Hired | Interview 1 | Interview 2 | Interview 3 | Moved to ATS | Offer | Positive response | Recruiter Screen | Technical Interview ,Sequence,YES,
2026-08-25 06:27:16.126,1787639234958x940179740232777700,Voize,1786608316958x994010874159300600,Mariam Chkhikvadze,4,Contacted | Moved to ATS | Positive response | Recruiter Screen,Moved to ATS,no,
2026-08-25 06:27:52.394,1787639271444x476613153398194200,Voize,1786608316958x994010874159300600,Mariam Chkhikvadze,4,Contacted | Moved to ATS | Positive response | Recruiter Screen,Moved to ATS,no,
2026-08-25 06:28:52.436,1787639331295x751409967834071000,Voize,1786608316958x994010874159300600,Mariam Chkhikvadze,4,Contacted | Moved to ATS | Positive response | Recruiter Screen,Moved to ATS,no,
2026-08-25 06:29:22.908,1787639361720x329773256278016000,Voize,1786608316958x994010874159300600,Mariam Chkhikvadze,4,Contacted | Moved to ATS | Positive response | Recruiter Screen,Moved to ATS,no,
2026-08-25 06:29:59.635,1787639398760x785728571526611000,Voize,1786608316958x994010874159300600,Mariam Chkhikvadze,4,Contacted | Moved to ATS | Positive response | Recruiter Screen,Moved to ATS,no,
2026-08-25 06:30:37.507,1787639436482x678161464658231300,Voize,1786608316958x994010874159300600,Mariam Chkhikvadze,4,Contacted | Moved to ATS | Positive response | Recruiter Screen,Moved to ATS,no,
2026-08-25 06:32:28.050,1787639547226x275909426903777280,Voize,1786608316958x994010874159300600,Mariam Chkhikvadze,4,Contacted | Moved to ATS | Positive response | Recruiter Screen,Moved to ATS,no,
2026-08-25 09:12:00.824,1787649113304x787001087888648000,AVIV ,1786094117912x748763187480100900,Rodrigo Gomes,11,Hired | Interview 1 | Interview 2 | Interview 3 | Moved to ATS | Offer | Positive response | Recruiter Screen | Technical Interview ,Sequence,YES,
2026-08-25 09:14:38.498,1787649273761x119155258640502910,AVIV ,1786094117912x748763187480100900,Rodrigo Gomes,11,Hired | Interview 1 | Interview 2 | Interview 3 | Moved to ATS | Offer | Positive response | Recruiter Screen | Technical Interview ,Sequence,YES,
2026-08-25 12:26:33.560,1787660625996x101526259574434620,AVIV ,1775125002560x755091190743302100,Rodrigo Gomes,8,Hired | Moved to ATS | Offer | Onsite | Positive response | Recruiter Screen,Sequence,YES,
2026-08-25 12:26:33.578,1787660645987x188165961616687520,AVIV ,1775125002560x755091190743302100,Rodrigo Gomes,8,Hired | Moved to ATS | Offer | Onsite | Positive response | Recruiter Screen,Sequence,YES,
2026-08-25 12:26:33.640,1787660609102x130098441074328660,AVIV ,1775125002560x755091190743302100,Rodrigo Gomes,8,Hired | Moved to ATS | Offer | Onsite | Positive response | Recruiter Screen,Sequence,YES,
2026-08-25 12:26:33.747,1787660728007x116323527107860210,AVIV ,1775125002560x755091190743302100,Rodrigo Gomes,8,Hired | Moved to ATS | Offer | Onsite | Positive response | Recruiter Screen,Sequence,YES,
2026-08-25 12:26:33.887,1787660700102x880959889963950000,AVIV ,1775125002560x755091190743302100,Rodrigo Gomes,8,Hired | Moved to ATS | Offer | Onsite | Positive response | Recruiter Screen,Sequence,YES,
2026-08-25 12:26:33.986,1787660577877x583693118346953000,AVIV ,1775125002560x755091190743302100,Rodrigo Gomes,8,Hired | Moved to ATS | Offer | Onsite | Positive response | Recruiter Screen,Sequence,YES,
2026-08-25 12:26:33.991,1787660563115x542571473748957500,AVIV ,1775125002560x755091190743302100,Rodrigo Gomes,8,Hired | Moved to ATS | Offer | Onsite | Positive response | Recruiter Screen,Sequence,YES,
2026-08-25 12:26:34.073,1787660598012x615819403311613800,AVIV ,1775125002560x755091190743302100,Rodrigo Gomes,8,Hired | Moved to ATS | Offer | Onsite | Positive response | Recruiter Screen,Sequence,YES,
2026-08-25 12:26:34.158,1787660669468x664393471924289400,AVIV ,1775125002560x755091190743302100,Rodrigo Gomes,8,Hired | Moved to ATS | Offer | Onsite | Positive response | Recruiter Screen,Sequence,YES,
2026-08-25 12:27:56.379,1787660420319x401535750024717200,AVIV ,1775125002560x755091190743302100,Rodrigo Gomes,8,Hired | Moved to ATS | Offer | Onsite | Positive response | Recruiter Screen,Sequence,YES,
2026-08-25 12:27:56.508,1787660436799x196253066016794720,AVIV ,1775125002560x755091190743302100,Rodrigo Gomes,8,Hired | Moved to ATS | Offer | Onsite | Positive response | Recruiter Screen,Sequence,YES,
2026-08-25 12:27:56.662,1787660448503x886403247662380400,AVIV ,1775125002560x755091190743302100,Rodrigo Gomes,8,Hired | Moved to ATS | Offer | Onsite | Positive response | Recruiter Screen,Sequence,YES,
2026-08-25 12:27:56.754,1787660508479x301371042529075000,AVIV ,1775125002560x755091190743302100,Rodrigo Gomes,8,Hired | Moved to ATS | Offer | Onsite | Positive response | Recruiter Screen,Sequence,YES,
2026-08-25 12:27:56.771,1787660482385x600183287405154700,AVIV ,1775125002560x755091190743302100,Rodrigo Gomes,8,Hired | Moved to ATS | Offer | Onsite | Positive response | Recruiter Screen,Sequence,YES,
2026-08-25 12:27:56.813,1787660465670x579862064075541600,AVIV ,1775125002560x755091190743302100,Rodrigo Gomes,8,Hired | Moved to ATS | Offer | Onsite | Positive response | Recruiter Screen,Sequence,YES,
2026-08-25 12:27:56.832,1787660547804x579149676137883100,AVIV ,1775125002560x755091190743302100,Rodrigo Gomes,8,Hired | Moved to ATS | Offer | Onsite | Positive response | Recruiter Screen,Sequence,YES,
2026-08-25 12:27:56.887,1787660402699x728391857897184900,AVIV ,1775125002560x755091190743302100,Rodrigo Gomes,8,Hired | Moved to ATS | Offer | Onsite | Positive response | Recruiter Screen,Sequence,YES,
2026-08-25 12:27:56.940,1787660385772x970521601976845000,AVIV ,1775125002560x755091190743302100,Rodrigo Gomes,8,Hired | Moved to ATS | Offer | Onsite | Positive response | Recruiter Screen,Sequence,YES,
2026-08-25 12:27:56.962,1787660522402x762483584574998000,AVIV ,1775125002560x755091190743302100,Rodrigo Gomes,8,Hired | Moved to ATS | Offer | Onsite | Positive response | Recruiter Screen,Sequence,YES,
2026-08-25 12:27:57.231,1787660283090x986487496121966300,AVIV ,1775125002560x755091190743302100,Rodrigo Gomes,8,Hired | Moved to ATS | Offer | Onsite | Positive response | Recruiter Screen,Sequence,YES,
2026-08-25 12:27:57.369,1787660318952x957955725365614300,AVIV ,1775125002560x755091190743302100,Rodrigo Gomes,8,Hired | Moved to ATS | Offer | Onsite | Positive response | Recruiter Screen,Sequence,YES,
2026-08-25 12:27:57.387,1787660349430x288094608662164060,AVIV ,1775125002560x755091190743302100,Rodrigo Gomes,8,Hired | Moved to ATS | Offer | Onsite | Positive response | Recruiter Screen,Sequence,YES,
2026-08-25 12:27:57.424,1787660496761x201390620497531740,AVIV ,1775125002560x755091190743302100,Rodrigo Gomes,8,Hired | Moved to ATS | Offer | Onsite | Positive response | Recruiter Screen,Sequence,YES,
2026-08-25 12:27:57.783,1787660371667x428858931502311940,AVIV ,1775125002560x755091190743302100,Rodrigo Gomes,8,Hired | Moved to ATS | Offer | Onsite | Positive response | Recruiter Screen,Sequence,YES,
2026-08-25 12:27:57.852,1787660260361x945960412839540700,AVIV ,1775125002560x755091190743302100,Rodrigo Gomes,8,Hired | Moved to ATS | Offer | Onsite | Positive response | Recruiter Screen,Sequence,YES,
2026-08-25 12:27:57.861,1787660328139x807727971244461400,AVIV ,1775125002560x755091190743302100,Rodrigo Gomes,8,Hired | Moved to ATS | Offer | Onsite | Positive response | Recruiter Screen,Sequence,YES,
2026-08-25 12:27:57.961,1787660272565x722457485653845200,AVIV ,1775125002560x755091190743302100,Rodrigo Gomes,8,Hired | Moved to ATS | Offer | Onsite | Positive response | Recruiter Screen,Sequence,YES,
2026-08-25 12:27:57.977,1787660294126x261607242173838240,AVIV ,1775125002560x755091190743302100,Rodrigo Gomes,8,Hired | Moved to ATS | Offer | Onsite | Positive response | Recruiter Screen,Sequence,YES,
2026-08-25 12:27:58.051,1787660306022x327687908381196350,AVIV ,1775125002560x755091190743302100,Rodrigo Gomes,8,Hired | Moved to ATS | Offer | Onsite | Positive response | Recruiter Screen,Sequence,YES,
2026-08-25 12:27:58.145,1787660339425x604874611717780400,AVIV ,1775125002560x755091190743302100,Rodrigo Gomes,8,Hired | Moved to ATS | Offer | Onsite | Positive response | Recruiter Screen,Sequence,YES,
2026-08-25 12:27:58.161,1787660245559x959437315476500600,AVIV ,1775125002560x755091190743302100,Rodrigo Gomes,8,Hired | Moved to ATS | Offer | Onsite | Positive response | Recruiter Screen,Sequence,YES,
2026-08-25 12:27:58.243,1787660235554x978044535428256300,AVIV ,1775125002560x755091190743302100,Rodrigo Gomes,8,Hired | Moved to ATS | Offer | Onsite | Positive response | Recruiter Screen,Sequence,YES,
2026-08-25 12:27:58.244,1787660219992x477375950696680600,AVIV ,1775125002560x755091190743302100,Rodrigo Gomes,1,,Sequence,no,
2026-08-25 15:54:09.683,1787673030840x164434929801335900,AVIV ,1778238210297x617135774419124200,Mikhail Kuzmin,10,Hired | Moved to ATS | Offer | Onsite | Positive response | Recruiter Screen | Sequence,Sequence,YES,
2026-08-25 15:54:09.697,1787673031872x615298235950540500,AVIV ,1778238210297x617135774419124200,Mikhail Kuzmin,10,Hired | Moved to ATS | Offer | Onsite | Positive response | Recruiter Screen | Sequence,Sequence,YES,
2026-08-25 15:54:09.817,1787673029911x535170670664612400,AVIV ,1778238210297x617135774419124200,Mikhail Kuzmin,10,Hired | Moved to ATS | Offer | Onsite | Positive response | Recruiter Screen | Sequence,Sequence,YES,
2026-08-25 15:54:09.999,1787673029032x419643275724505660,AVIV ,1778238210297x617135774419124200,Mikhail Kuzmin,10,Hired | Moved to ATS | Offer | Onsite | Positive response | Recruiter Screen | Sequence,Sequence,YES,
2026-08-25 15:54:10.110,1787673027146x376484865481266050,AVIV ,1778238210297x617135774419124200,Mikhail Kuzmin,10,Hired | Moved to ATS | Offer | Onsite | Positive response | Recruiter Screen | Sequence,Sequence,YES,
2026-08-25 15:54:10.130,1787673028250x114558423124466960,AVIV ,1778238210297x617135774419124200,Mikhail Kuzmin,10,Hired | Moved to ATS | Offer | Onsite | Positive response | Recruiter Screen | Sequence,Sequence,YES,
2026-08-25 15:54:10.191,1787673021894x852905226110212700,AVIV ,1778238210297x617135774419124200,Mikhail Kuzmin,10,Hired | Moved to ATS | Offer | Onsite | Positive response | Recruiter Screen | Sequence,Sequence,YES,
2026-08-25 15:54:10.443,1787673022801x823314354113762700,AVIV ,1778238210297x617135774419124200,Mikhail Kuzmin,10,Hired | Moved to ATS | Offer | Onsite | Positive response | Recruiter Screen | Sequence,Sequence,YES,
2026-08-25 15:54:10.674,1787673023625x637023429198403200,AVIV ,1778238210297x617135774419124200,Mikhail Kuzmin,10,Hired | Moved to ATS | Offer | Onsite | Positive response | Recruiter Screen | Sequence,Sequence,YES,
2026-08-25 15:54:10.745,1787673024487x136401187261655950,AVIV ,1778238210297x617135774419124200,Mikhail Kuzmin,10,Hired | Moved to ATS | Offer | Onsite | Positive response | Recruiter Screen | Sequence,Sequence,YES,
2026-08-25 15:54:10.765,1787673025289x712663338169252000,AVIV ,1778238210297x617135774419124200,Mikhail Kuzmin,10,Hired | Moved to ATS | Offer | Onsite | Positive response | Recruiter Screen | Sequence,Sequence,YES,
2026-08-25 15:54:10.779,1787673026178x668296908973186700,AVIV ,1778238210297x617135774419124200,Mikhail Kuzmin,10,Hired | Moved to ATS | Offer | Onsite | Positive response | Recruiter Screen | Sequence,Sequence,YES,
2026-08-25 16:12:11.607,1787674241126x421032449662924740,AVIV ,1779970626328x834670130159681500,Mikhail Kuzmin,8,Hired | Moved to ATS | Offer | Onsite | Positive response | Recruiter Screen,Sequence,YES,
2026-08-25 16:12:11.753,1787674239417x649437352185047400,AVIV ,1779970626328x834670130159681500,Mikhail Kuzmin,8,Hired | Moved to ATS | Offer | Onsite | Positive response | Recruiter Screen,Sequence,YES,
2026-08-25 16:12:11.766,1787674240283x833356407662706700,AVIV ,1779970626328x834670130159681500,Mikhail Kuzmin,8,Hired | Moved to ATS | Offer | Onsite | Positive response | Recruiter Screen,Sequence,YES,
2026-08-25 16:12:11.849,1787674238706x614331948492943500,AVIV ,1779970626328x834670130159681500,Mikhail Kuzmin,8,Hired | Moved to ATS | Offer | Onsite | Positive response | Recruiter Screen,Sequence,YES,
2026-08-25 16:12:11.879,1787674237948x511246317597488830,AVIV ,1779970626328x834670130159681500,Mikhail Kuzmin,8,Hired | Moved to ATS | Offer | Onsite | Positive response | Recruiter Screen,Sequence,YES,
2026-08-25 16:12:12.075,1787674236952x262353806534557400,AVIV ,1779970626328x834670130159681500,Mikhail Kuzmin,8,Hired | Moved to ATS | Offer | Onsite | Positive response | Recruiter Screen,Sequence,YES,
2026-08-25 16:12:12.111,1787674236106x857406444445089300,AVIV ,1779970626328x834670130159681500,Mikhail Kuzmin,8,Hired | Moved to ATS | Offer | Onsite | Positive response | Recruiter Screen,Sequence,YES,
2026-08-25 16:12:12.168,1787674234883x877147071131562100,AVIV ,1779970626328x834670130159681500,Mikhail Kuzmin,8,Hired | Moved to ATS | Offer | Onsite | Positive response | Recruiter Screen,Sequence,YES,
2026-08-25 16:12:12.335,1787674233384x107089389358823840,AVIV ,1779970626328x834670130159681500,Mikhail Kuzmin,8,Hired | Moved to ATS | Offer | Onsite | Positive response | Recruiter Screen,Sequence,YES,
2026-08-25 16:12:12.388,1787674234130x301350805189770430,AVIV ,1779970626328x834670130159681500,Mikhail Kuzmin,8,Hired | Moved to ATS | Offer | Onsite | Positive response | Recruiter Screen,Sequence,YES,
2026-08-25 16:12:12.415,1787674232565x267482852448598140,AVIV ,1779970626328x834670130159681500,Mikhail Kuzmin,8,Hired | Moved to ATS | Offer | Onsite | Positive response | Recruiter Screen,Sequence,YES,
2026-08-25 16:12:12.500,1787674231059x109872891033986560,AVIV ,1779970626328x834670130159681500,Mikhail Kuzmin,8,Hired | Moved to ATS | Offer | Onsite | Positive response | Recruiter Screen,Sequence,YES,
2026-08-25 16:12:12.506,1787674231861x687891354881494300,AVIV ,1779970626328x834670130159681500,Mikhail Kuzmin,8,Hired | Moved to ATS | Offer | Onsite | Positive response | Recruiter Screen,Sequence,YES,
2026-08-25 16:12:12.637,1787674230312x271907397656970800,AVIV ,1779970626328x834670130159681500,Mikhail Kuzmin,8,Hired | Moved to ATS | Offer | Onsite | Positive response | Recruiter Screen,Sequence,YES,
2026-08-25 16:12:12.659,1787674229529x178611406177007000,AVIV ,1779970626328x834670130159681500,Mikhail Kuzmin,8,Hired | Moved to ATS | Offer | Onsite | Positive response | Recruiter Screen,Sequence,YES,
2026-08-25 16:12:12.813,1787674227573x385128392017779260,AVIV ,1779970626328x834670130159681500,Mikhail Kuzmin,8,Hired | Moved to ATS | Offer | Onsite | Positive response | Recruiter Screen,Sequence,YES,
2026-08-25 16:12:12.832,1787674228720x891404065247849400,AVIV ,1779970626328x834670130159681500,Mikhail Kuzmin,8,Hired | Moved to ATS | Offer | Onsite | Positive response | Recruiter Screen,Sequence,YES,
2026-08-25 16:12:12.868,1787674226754x163689475521513020,AVIV ,1779970626328x834670130159681500,Mikhail Kuzmin,8,Hired | Moved to ATS | Offer | Onsite | Positive response | Recruiter Screen,Sequence,YES,
2026-08-25 16:12:12.985,1787674226059x921700028633030100,AVIV ,1779970626328x834670130159681500,Mikhail Kuzmin,8,Hired | Moved to ATS | Offer | Onsite | Positive response | Recruiter Screen,Sequence,YES,
2026-08-25 16:12:13.163,1787674225355x642045642195375100,AVIV ,1779970626328x834670130159681500,Mikhail Kuzmin,8,Hired | Moved to ATS | Offer | Onsite | Positive response | Recruiter Screen,Sequence,YES,
2026-08-25 16:12:13.179,1787674224606x534452564902778700,AVIV ,1779970626328x834670130159681500,Mikhail Kuzmin,8,Hired | Moved to ATS | Offer | Onsite | Positive response | Recruiter Screen,Sequence,YES,
2026-08-25 16:12:13.224,1787674223908x188004733824204800,AVIV ,1779970626328x834670130159681500,Mikhail Kuzmin,8,Hired | Moved to ATS | Offer | Onsite | Positive response | Recruiter Screen,Sequence,YES,
2026-08-25 16:12:13.425,1787674223101x282044731387322430,AVIV ,1779970626328x834670130159681500,Mikhail Kuzmin,8,Hired | Moved to ATS | Offer | Onsite | Positive response | Recruiter Screen,Sequence,YES,
2026-08-25 16:12:13.569,1787674222381x614934099691162300,AVIV ,1779970626328x834670130159681500,Mikhail Kuzmin,3,Hired,Sequence,YES,
