JOB_ID,YM
1763963412443x667726169628213200,2026-03
1772106953529x151512253670883330,2026-02
1761902564608x298412660464287740,2026-01
1709801511120x673595589524193300,2026-03
1763588080692x537345876791656450,2026-01
1755271461596x914072335130296300,2026-03
1769431186075x467734053742182400,2026-03
1768378790097x202503348029227000,2026-01
1768289960370x636499826073141200,2026-02
1765457609488x262514621371121660,2026-03
1771584578545x240061323429806080,2026-03
1741960229455x896306937444958200,2026-02
1738932938860x547200228259266600,2026-02
1759476412931x196898844397797380,2026-02
1764653641333x795992159993462800,2026-01
1772113417850x781928030718656500,2026-03
1760105305787x673626877015621600,2026-03
1766504126690x389245850631798800,2026-02
1771318519228x842259851193614300,2026-02
1768567274233x744058753526530000,2026-03
1761566918893x767766274399535100,2026-01
1757084719393x337395911254605800,2026-02
1761320993371x378369833550217200,2026-01
1761727573047x620595660820316200,2026-03
1707820408012x103296194272296960,2026-02
1764857758741x664907103720177700,2026-01
1763358128612x223705266995593200,2026-03
1759235998623x431009154748645400,2026-02
1767174924550x877946111147900900,2026-02
1769169412044x823192598469935100,2026-01
1767621798607x956608697254281200,2026-01
1762530696591x511515178720296960,2026-04
1762789740435x572978907716780000,2026-01
1764742851535x106365557389393920,2026-03
1770728747086x464603093874769900,2026-03
1771937222893x768587340339740700,2026-03
1758529227458x187488425396142080,2026-04
1771404138802x813167543718510600,2026-03
1762784847632x878981653021851600,2026-02
1766491924492x548561448549482500,2026-03
1768213332956x528393423333359600,2026-03
1768805517088x858701515938857000,2026-02
1768292793387x706934213874548700,2026-01
1764343430592x781215404585123800,2026-01
1765785069309x340223413853356000,2026-01
1771385210122x422785704766472200,2026-04
1769440200921x554672371148259300,2026-03
1767174268097x543133653435940860,2026-01
1762960947781x993372702578311200,2026-02
1759476412931x196898844397797380,2026-03
1761727573047x620595660820316200,2026-01
1762163648773x813572417710981100,2026-02
1766504090036x401562054331465700,2026-03
1771251573032x103276104768028670,2026-03
1765335322683x911615628190941200,2026-02
1763570910895x864137189411520500,2026-01
1762167824784x222963017491152900,2026-02
1776162119822x238969524091617280,2026-04
1736934796460x763481035954192400,2026-03
1770801796940x425620521738043400,2026-03
1764678221103x752660447945293800,2026-01
1768290037054x321141033548382200,2026-02
1770983795307x773816109849116700,2026-04
1763999099759x617485781696512000,2026-01
1774290225510x707383052624461800,2026-03
1774519521018x502430651468480500,2026-04
1771943913516x592452979469058000,2026-04
1760281065538x811562236048310300,2026-03
1775670016632x595002397648486400,2026-04
1771251573032x103276104768028670,2026-02
1771283051167x687073118752342000,2026-03
1770206150948x892765417504505900,2026-03
1768915509500x685040792108007400,2026-04
1709198128950x687788093116252200,2026-01
1774951297567x459138412548980740,2026-04
1762163373504x698758535012417500,2026-02
1766667939306x140760695436738560,2026-03
1767021750691x422056541426024450,2026-01
1729000140791x250961570551562240,2026-01
1760105305787x673626877015621600,2026-02
1762857268529x442663948357468160,2026-02
1763358128612x223705266995593200,2026-02
1761219503998x816374397525295100,2026-01
1760105305787x673626877015621600,2026-01
1762962792238x582505008172630000,2026-01
1763643015806x970054598966378500,2026-04
1770883995206x567409820126674940,2026-03
1761210413697x212805827988291600,2026-03
1764834476041x769795967427018800,2026-02
1763735559706x695521449525641200,2026-01
1774212042998x887972193019625500,2026-03
1763976958735x708603402722213900,2026-02
1763570910895x864137189411520500,2026-02
1768922081874x442583847236796400,2026-02
1770185363333x623686331173437400,2026-03
1770651153044x376036759032823800,2026-04
1767021750691x422056541426024450,2026-03
1759238067499x436164624751525900,2026-02
1759236323615x126237561580158980,2026-02
1760105762439x342693964201852900,2026-01
1762163648773x813572417710981100,2026-01
1766140975115x369558654623416300,2026-03
1759237683949x890909181980180500,2026-02
1764775587521x211852992445677570,2026-03
1776129142247x694600564780302300,2026-04
1774023019478x818745779943112700,2026-03
1768289893881x772052075978162200,2026-02
1763490674815x327511964084076540,2026-01
1767880224617x594852046268530700,2026-02
1766063616847x373919165871030300,2026-03
1762411572293x210163314271453200,2026-01
1762505562305x839801504617726000,2026-03
1764003439596x569664640849281000,2026-04
1766482931626x136617947441397760,2026-03
1766140975115x369558654623416300,2026-04
1767174924550x877946111147900900,2026-01
1759238067499x436164624751525900,2026-03
1759236982158x599110726735888400,2026-02
1758275389876x889770834029969400,2026-02
1767021750691x422056541426024450,2026-02
1767786691374x595165427720781800,2026-01
1764678221103x752660447945293800,2026-03
1773663264463x849538762857250800,2026-03
1766029954763x393444492042829800,2026-02
1768565745211x318510957896138750,2026-03
1759089347266x876459872078004200,2026-02
1759833890044x930035712747110400,2026-04
1773054750304x165099444290191360,2026-04
1757593045815x380825256184774660,2026-02
1769432170729x727629820647964700,2026-02
1741960229455x896306937444958200,2026-03
1757071628441x264788972532400130,2026-02
1766491988541x198821386058727420,2026-03
1762857268529x442663948357468160,2026-03
1774301750022x707231172489642000,2026-04
1758529227458x187488425396142080,2026-01
1761314025153x927572004352557000,2026-01
1771251513686x897995405733658600,2026-02
1759236982158x599110726735888400,2026-03
1707820279930x762146610961449000,2026-02
1764688105201x609468025551454200,2026-03
1756202387938x773602096008921100,2026-02
1770968317423x931779878534774800,2026-04
1770895741827x848372173169229800,2026-03
1770981667719x694328296739962900,2026-02
1769168011394x908489243964211200,2026-01
1771235082188x203591510786572300,2026-02
1775139786221x517847899092287500,2026-04
1761116024104x491318497355497500,2026-01
1764857758741x664907103720177700,2026-02
1759237400216x276231492364664830,2026-02
1761292931079x473513427817725950,2026-01
1763390536678x727781136812474400,2026-01
1761219503998x816374397525295100,2026-02
1760283063838x995553699417555000,2026-03
1764845358563x620189454627504100,2026-01
1769529249684x417117629664722940,2026-02
1760283063838x995553699417555000,2026-04
1768980743242x265135202009350140,2026-04
1709198128950x687788093116252200,2026-03
1771283284938x228192158190665730,2026-03
1760283063838x995553699417555000,2026-02
1763370468139x167574670811856900,2026-02
1764742916286x895706157151682600,2026-01
1759236323615x126237561580158980,2026-01
1757084719393x337395911254605800,2026-01
1764003500672x436193351698743300,2026-02
1763999099759x617485781696512000,2026-03
1743770433516x730693219483910100,2026-03
1760713537373x704406402013331500,2026-01
1771567208893x131440246628810750,2026-04
1764953609126x557529957519327200,2026-01
1770378942910x625501068122652700,2026-02
1768292984253x251486398297407500,2026-03
1772029930895x654799206548504600,2026-04
1761320993371x378369833550217200,2026-02
1758477767796x656636799958646800,2026-02
1769701086705x822539239012434000,2026-02
1729000140791x250961570551562240,2026-02
1762252120988x575823447911301100,2026-01
1767675755404x917962040101044200,2026-03
1771594439498x659665988139876400,2026-03
1729000140791x250961570551562240,2026-03
1772802693317x643077145620381700,2026-03
1758529227458x187488425396142080,2026-03
1764653541290x705128690803277800,2026-02
1769597623821x642639979457019900,2026-02
1766491776973x990073586951127000,2026-01
1758529227458x187488425396142080,2026-02
1761038810981x427879014152536060,2026-01
1774538424889x170536098856960000,2026-04
1768980743242x265135202009350140,2026-03
1767713595713x165740410548518900,2026-03
1764848976979x161783343491055600,2026-03
1769519564410x301316401749032960,2026-02
1763393512767x549692745513173000,2026-03
1765964544602x935500253115973600,2026-01
1766667939306x140760695436738560,2026-02
1770818202343x768840661550235600,2026-02
1767621266472x428297455735668740,2026-01
1763735699204x490577880536842200,2026-03
1762960947781x993372702578311200,2026-03
1767881709829x173124899950559230,2026-03
1765277865484x817897032379269100,2026-01
1760281065538x811562236048310300,2026-02
1760953316593x500187053740523500,2026-01
1760439998909x282714782196039680,2026-01
1768557536533x655414581658910700,2026-02
1761219503998x816374397525295100,2026-03
1768306565902x724842074782040000,2026-01
1738932886963x576896939005050900,2026-02
1760524380447x603301710509375500,2026-01
1758275389876x889770834029969400,2026-01
1757071628441x264788972532400130,2026-01
1774023134055x629061544645230600,2026-03
1763370468139x167574670811856900,2026-01
1762943671502x870278496041042000,2026-01
1759236982158x599110726735888400,2026-01
1760713537373x704406402013331500,2026-02
1771594439498x659665988139876400,2026-02
1709198203645x763063089164189700,2026-03
1759475471549x753843173350441000,2026-02
1709801511120x673595589524193300,2026-02
1769431287668x418349861038981100,2026-03
1759833890044x930035712747110400,2026-03
1769519870970x340364602799292400,2026-02
1759303358911x861124600793399300,2026-01
1760105509112x573188684436733950,2026-01
1707820408012x103296194272296960,2026-03
1760535523326x321490987868749800,2026-02
1761566918893x767766274399535100,2026-03
1770378942910x625501068122652700,2026-03
1763358128612x223705266995593200,2026-04
1770926699231x341904417161216000,2026-04
1771283284938x228192158190665730,2026-04
1709801511120x673595589524193300,2026-01
1769701024383x396838718197202940,2026-03
1770040562833x794297057542668300,2026-03
1772113417850x781928030718656500,2026-02
1772797740165x677739617400913900,2026-03
1766667939306x140760695436738560,2026-01
1761727573047x620595660820316200,2026-02
1762857268529x442663948357468160,2026-01
1765554206499x476548818528108540,2026-01
1757071628441x264788972532400130,2026-03
1760105762439x342693964201852900,2026-03
1707820408012x103296194272296960,2026-01
1767174268097x543133653435940860,2026-02
1771222981603x583196503150166000,2026-02
1770818039020x685779221544960000,2026-02
1761210413697x212805827988291600,2026-02
1709801577805x203510516790329340,2026-03
1738932938860x547200228259266600,2026-01
1760535523326x321490987868749800,2026-01
1769981851834x322731975783219200,2026-03
1772216240739x325241842932121600,2026-04
1763455334935x160434342905774080,2026-01
1762430736834x652629641794682900,2026-02
1769098481317x378812501440856060,2026-03
1765812267512x563701614211760100,2026-01
1762319532396x864588410687324200,2026-01
1765184607275x404972844064440300,2026-03
1759236323615x126237561580158980,2026-03
1764842214274x760758700418793500,2026-03
1772187860944x479761207964205060,2026-04
1769169412044x823192598469935100,2026-02
1756807215018x321280600282234900,2026-01
1760105762439x342693964201852900,2026-02
